"","lab","w"
"1","A","0.0833333333333333"
"2","AA","0.0833333333333333"
"3","AAN","0.0833333333333333"
"4","AAP","0.0833333333333333"
"5","AAV","0.0833333333333333"
"6","AB","0.0833333333333333"
"7","ABB","0.0833333333333333"
"8","ABC","0.0833333333333333"
"9","ABG","0.0833333333333333"
"10","ABM","0.0833333333333333"
"11","ABR","0.0833333333333333"
"12","ABX","0.0833333333333333"
