"","lab","w"
"1","WPZ","0.142857142857143"
"2","ETE","0.142857142857143"
"3","TRGP","0.142857142857143"
"4","TARO","0.142857142857143"
"5","ETP","0.142857142857143"
"6","MMP","0.142857142857143"
"7","FBIZ","0.142857142857143"
