"X","lab","w"
1,"AMT",0.05988
2,"AAPL",0.14471
3,"BLK",0.062874
4,"CLF",0
5,"CME",0.17964
6,"CEG",0
7,"CMI",0
8,"DNR",0
9,"EIX",0.051896
10,"EQT",0
11,"GME",0.063872
12,"HUM",0.05988
13,"ISRG",0.046906
14,"L",0
15,"MRO",0
16,"MON",0.107784
17,"OXY",0
18,"PCP",0.046906
19,"RRC",0.018962
20,"SWN",0.020958
21,"TSO",0.056886
22,"TIE",0.05489
23,"VLO",0
24,"WMB",0.023952
