"","lab","w"
"1","ETE","0.142857142857143"
"2","SIX","0.142857142857143"
"3","WES","0.142857142857143"
"4","PAA","0.142857142857143"
"5","ETP","0.142857142857143"
"6","MMP","0.142857142857143"
"7","VRTS","0.142857142857143"
