"","lab","w"
"1","LUV","0.166666666666667"
"2","KR","0.166666666666667"
"3","ETE","0.166666666666667"
"4","HBI","0.166666666666667"
"5","ABC","0.166666666666667"
"6","NOC","0.166666666666667"
